Sample,True_Class,Pred_Class,Original_Prob,GA_Seed,Method,Prediction_Preservation,SHAP_Retention,Compactness,Deletion_AUC,Insertion_AUC,K_Selected
1,Normal,Demented,0.6755396127700806,42,Random-K,0.3760312609374523,0.395604646389382,0.578125,0.37155653830649926,0.4209776664488938,27
1,Normal,Demented,0.6755396127700806,42,SHAP-TopK,0.365031186491251,0.7974456244576842,0.578125,0.3039128170590358,0.664341487822594,27
1,Normal,Demented,0.6755396127700806,42,GA-NSGA-II,0.48869891464710236,0.513585051475557,0.578125,0.3533861846123331,0.524068004944822,27
2,Demented,Demented,0.7994710206985474,42,Random-K,0.3679337352514267,0.5965791854994595,0.40625,0.25298928163678724,0.3126185985310557,38
2,Demented,Demented,0.7994710206985474,42,SHAP-TopK,0.9357572793960571,0.9550598577416252,0.40625,0.3190756212206154,0.42833362358567106,38
2,Demented,Demented,0.7994710206985474,42,GA-NSGA-II,0.6738095581531525,0.7443914805115881,0.40625,0.3895126352331726,0.4846902381992691,38
3,Demented,Normal,0.4111163914203644,42,Random-K,0.6129434909671545,0.4280536495094938,0.546875,0.19176035126940616,0.5408859924620384,29
3,Demented,Normal,0.4111163914203644,42,SHAP-TopK,0.6248953081667423,0.8455887364467268,0.546875,0.2457705942630044,0.6596227509807697,29
3,Demented,Normal,0.4111163914203644,42,GA-NSGA-II,0.678165003657341,0.5536610320783415,0.546875,0.19411155145383557,0.5507137965094959,29
4,Normal,Demented,0.5528173446655273,42,Random-K,0.46991004049777985,0.4441622578524954,0.5,0.15594402757377002,0.223439361070493,32
4,Normal,Demented,0.5528173446655273,42,SHAP-TopK,0.5613316595554352,0.8790407735735067,0.5,0.16876208541811863,0.34896237334612545,32
4,Normal,Demented,0.5528173446655273,42,GA-NSGA-II,0.5004681870341301,0.6605450023672476,0.5,0.1444833585382848,0.3352032881481748,32
5,Normal,Normal,0.256771981716156,42,Random-K,0.7544766999781132,0.4881744095190597,0.5,0.10537835067183286,0.4177199737328946,32
5,Normal,Normal,0.256771981716156,42,SHAP-TopK,0.7880322262644768,0.8837809622338324,0.5,0.22519390364382577,0.4551241502268482,32
5,Normal,Normal,0.256771981716156,42,GA-NSGA-II,0.7516965884715319,0.6951052776304099,0.5,0.15721756018356833,0.4258403399428471,32
6,Normal,Demented,0.7819334268569946,42,Random-K,0.2819055914878845,0.4544587664703668,0.515625,0.38613651098128043,0.40874886441030855,31
6,Normal,Demented,0.7819334268569946,42,SHAP-TopK,0.7114623785018921,0.8750732898707835,0.515625,0.45086737835043594,0.505386007569291,31
6,Normal,Demented,0.7819334268569946,42,GA-NSGA-II,0.3777428865432739,0.6051335468734019,0.515625,0.4815860022705434,0.5295902049510979,31
7,Demented,Demented,0.7327175736427307,42,Random-K,0.35037557035684586,0.3409099846827283,0.640625,0.4354490574931459,0.38124009672079817,23
7,Demented,Demented,0.7327175736427307,42,SHAP-TopK,0.42932145297527313,0.6923202429907409,0.640625,0.27207109685066927,0.49788196625288245,23
7,Demented,Demented,0.7327175736427307,42,GA-NSGA-II,0.5692099928855896,0.4356750811872841,0.640625,0.3415016782775118,0.5854802051454486,23
8,Normal,Normal,0.38096392154693604,42,Random-K,0.6337482193484902,0.41143776676394755,0.5625,0.2136114165399622,0.44272653561987624,28
8,Normal,Normal,0.38096392154693604,42,SHAP-TopK,0.6271826345473528,0.8156862030559285,0.5625,0.2151352476526884,0.6634074447311115,28
8,Normal,Normal,0.38096392154693604,42,GA-NSGA-II,0.6467894464731216,0.6272392236064228,0.5625,0.20722780930088514,0.662849721276915,28
9,Demented,Normal,0.4109107553958893,42,Random-K,0.6066412851214409,0.4576509786640317,0.515625,0.1982647369599123,0.5596031489633067,31
9,Demented,Normal,0.4109107553958893,42,SHAP-TopK,0.657316230237484,0.893183474291285,0.515625,0.21381554403734526,0.5159527540989903,31
9,Demented,Normal,0.4109107553958893,42,GA-NSGA-II,0.6093767322599888,0.6893411222433077,0.515625,0.2039737624190394,0.5122609810370008,31
10,Demented,Demented,0.6352944374084473,42,Random-K,0.40250083059072495,0.3804346654327937,0.609375,0.36119673634093613,0.32643681828877535,25
10,Demented,Demented,0.6352944374084473,42,SHAP-TopK,0.39691057801246643,0.7449574108790648,0.609375,0.31127308711778173,0.4737721648577418,25
10,Demented,Demented,0.6352944374084473,42,GA-NSGA-II,0.5435641556978226,0.4490862526667742,0.609375,0.2579189279546824,0.5373643606876765,25
11,Demented,Demented,0.6195768117904663,42,Random-K,0.46716904640197754,0.3921651357508436,0.609375,0.25845995124569326,0.4819258249536017,25
11,Demented,Demented,0.6195768117904663,42,SHAP-TopK,0.45640722662210464,0.7986013308968476,0.609375,0.28205916129856456,0.519603243057521,25
11,Demented,Demented,0.6195768117904663,42,GA-NSGA-II,0.4866938889026642,0.595859543719718,0.609375,0.28563755800059965,0.5210260771722887,25
12,Normal,Demented,0.61149662733078,42,Random-K,0.5675661861896515,0.3568464725596007,0.625,0.2684989884105732,0.577001619264386,24
12,Normal,Demented,0.61149662733078,42,SHAP-TopK,0.4605998694896698,0.7938021600420505,0.625,0.23757141798599327,0.6632263520008995,24
12,Normal,Demented,0.61149662733078,42,GA-NSGA-II,0.6804434955120087,0.48767301639954824,0.625,0.2255792861790858,0.7289456640476544,24
13,Normal,Demented,0.7601118087768555,42,Random-K,0.3153052404522896,0.4617203945042384,0.515625,0.4677094037883374,0.36578618117901424,31
13,Normal,Demented,0.7601118087768555,42,SHAP-TopK,0.7426338791847229,0.8734574490208005,0.515625,0.546568039880326,0.5342826055611579,31
13,Normal,Demented,0.7601118087768555,42,GA-NSGA-II,0.45643337070941925,0.6793248606683028,0.515625,0.5363209478258679,0.513829982347662,31
14,Demented,Demented,0.7829916477203369,42,Random-K,0.3610498458147049,0.41091024832969714,0.5625,0.4185260073948991,0.42702404305644154,28
14,Demented,Demented,0.7829916477203369,42,SHAP-TopK,0.5452176630496979,0.8729507269351674,0.5625,0.3736085147425535,0.6456488650684509,28
14,Demented,Demented,0.7829916477203369,42,GA-NSGA-II,0.6840654611587524,0.6166944827738221,0.5625,0.37710964892832294,0.708312332954869,28
15,Normal,Demented,0.6866764426231384,42,Random-K,0.3501593768596649,0.3623852578331234,0.59375,0.3282955211533873,0.35946817410634885,26
15,Normal,Demented,0.6866764426231384,42,SHAP-TopK,0.42149677872657776,0.7694580135334047,0.59375,0.3029572537358397,0.5755084335827232,26
15,Normal,Demented,0.6866764426231384,42,GA-NSGA-II,0.5002613961696625,0.4947338231981939,0.59375,0.36184270634313437,0.6024182109601572,26
16,Demented,Demented,0.7015122175216675,42,Random-K,0.36557380110025406,0.4594650196475884,0.515625,0.2930145377632234,0.4299956727908983,31
16,Demented,Demented,0.7015122175216675,42,SHAP-TopK,0.726844847202301,0.9084112861545225,0.515625,0.3057322498239506,0.6036213601334883,31
16,Demented,Demented,0.7015122175216675,42,GA-NSGA-II,0.5981278717517853,0.5863507726971919,0.515625,0.30061333838494786,0.5980702345928712,31
17,Normal,Demented,0.6288374662399292,42,Random-K,0.531543418765068,0.3479046154897667,0.640625,0.3707606465154687,0.5466102457139913,23
17,Normal,Demented,0.6288374662399292,42,SHAP-TopK,0.4569135159254074,0.7763692958780358,0.640625,0.288149506975386,0.7841571150475984,23
17,Normal,Demented,0.6288374662399292,42,GA-NSGA-II,0.5122252106666565,0.5819803352540742,0.640625,0.28083207316072145,0.7310962430351648,23
18,Demented,Demented,0.6780812740325928,42,Random-K,0.4471724182367325,0.382876120273943,0.59375,0.3495198046620496,0.533105320724543,26
18,Demented,Demented,0.6780812740325928,42,SHAP-TopK,0.47709520161151886,0.8186482391510616,0.59375,0.37393058285795244,0.7777559289624163,26
18,Demented,Demented,0.6780812740325928,42,GA-NSGA-II,0.6082042753696442,0.5650596866793943,0.59375,0.3599222917649703,0.7058919731517215,26
19,Demented,Demented,0.573765754699707,42,Random-K,0.45416619814932346,0.4914683318353685,0.484375,0.11316081463112568,0.25672514693910764,33
19,Demented,Demented,0.573765754699707,42,SHAP-TopK,0.5991022884845734,0.8938261612382439,0.484375,0.14020071980314555,0.29583660526308064,33
19,Demented,Demented,0.573765754699707,42,GA-NSGA-II,0.5822592526674271,0.6215866469331435,0.484375,0.17400976808898055,0.3226432868326852,33
20,Normal,Demented,0.8990491628646851,42,Random-K,0.3556710481643677,0.46195106506078504,0.46875,0.558212291706749,0.36870583327675954,34
20,Normal,Demented,0.8990491628646851,42,SHAP-TopK,0.9534423351287842,0.9313669926408851,0.46875,0.5702209587940286,0.7253163456235943,34
20,Normal,Demented,0.8990491628646851,42,GA-NSGA-II,0.8424726724624634,0.6834086972320415,0.46875,0.5456050396684015,0.648361872247911,34
