Generation,Best_F1_Preservation,Best_F2_SHAP,Best_F3_Compactness,Avg_F1,Avg_F2,Avg_F3,Pareto_Front_Size
1,0.6288503408432007,0.7025261064394964,0.625,0.6046839275630191,0.5570153765553931,0.4859375,17
2,0.6320185214281082,0.7025261064394964,0.71875,0.6082538926973939,0.5346499543367538,0.51484375,20
3,0.6320185214281082,0.7025261064394964,0.71875,0.6108285889727995,0.5061699035786568,0.5359375,20
4,0.6384489238262177,0.7025261064394964,0.71875,0.6123685538070276,0.4997902366872329,0.5515625,20
5,0.6640543192625046,0.7025261064394964,0.75,0.6161234266823158,0.509074900625494,0.54453125,20
6,0.6640543192625046,0.7025261064394964,0.75,0.6212133406661451,0.5086056711758677,0.5359375,20
7,0.678165003657341,0.7025261064394964,0.75,0.6226467258064077,0.48275515762450755,0.5578125,20
8,0.681313656270504,0.7317476922354152,0.75,0.6256305862450973,0.491347416556468,0.55546875,20
9,0.681313656270504,0.7597167419505182,0.78125,0.6383256668457762,0.4750185940702911,0.57265625,20
10,0.681313656270504,0.7597167419505182,0.78125,0.6346037483308464,0.475445405727552,0.58359375,20
