Solution_ID,K_Selected,F1_Preservation,F2_SHAP_Retained,F3_Compactness
0,17,0.681313656270504,0.26705413692816615,0.734375
1,41,0.6154845915734768,0.7597167419505182,0.359375
2,32,0.5920575899071991,0.6012163400392107,0.5
3,14,0.6254950575530529,0.23061552044978476,0.78125
4,24,0.6730694249272346,0.46147937706505626,0.625
5,39,0.6022135708481073,0.6740622529206415,0.390625
6,20,0.6626514941453934,0.3267414584726943,0.6875
7,19,0.6167423892766237,0.3335631621815785,0.703125
8,21,0.6788210496306419,0.4245702253924308,0.671875
9,34,0.643833339214325,0.5561328711486763,0.46875
10,19,0.6396262310445309,0.29877238651321963,0.703125
11,35,0.6679796800017357,0.5755665330046861,0.453125
12,29,0.678165003657341,0.5536610320783415,0.546875
13,32,0.5920575899071991,0.6012163400392107,0.5
14,40,0.605116356164217,0.7317476922354152,0.375
15,25,0.611132375895977,0.4956012199881162,0.609375
16,16,0.6052086614072323,0.29107405436061756,0.75
17,25,0.611132375895977,0.4956012199881162,0.609375
18,34,0.6086608730256557,0.5634614128663937,0.46875
19,17,0.681313656270504,0.26705413692816615,0.734375
