Region_ID,Row,Column,SHAP_Score,Normalized_SHAP_Score
0,0,0,0.0,0.0
1,0,1,1.625190577669855e-07,3.806375389103778e-05
2,0,2,2.423890691716224e-05,0.0056770192459225655
3,0,3,7.572506729047745e-05,0.017735645174980164
4,0,4,9.078002767637372e-05,0.021261682733893394
5,0,5,1.2880593203590252e-05,0.0030167768709361553
6,0,6,0.0,0.0
7,0,7,0.0,0.0
8,1,0,0.0,0.0
9,1,1,5.857735959580168e-05,0.013719462789595127
10,1,2,0.0001270408247364685,0.029754361137747765
11,1,3,0.00010500624193809927,0.024593619629740715
12,1,4,7.544601248810068e-05,0.0176702868193388
13,1,5,7.875446317484602e-05,0.01844516396522522
14,1,6,3.1684088753536344e-05,0.007420762907713652
15,1,7,0.0,0.0
16,2,0,8.968070687842555e-06,0.002100420882925391
17,2,1,0.00010159279918298125,0.023794153705239296
18,2,2,7.628696039319038e-05,0.01786724664270878
19,2,3,0.00015760489623062313,0.03691280260682106
20,2,4,0.00016698436229489744,0.03910957649350166
21,2,5,0.00011221050954191014,0.02628093771636486
22,2,6,0.00011306552914902568,0.02648119255900383
23,2,7,3.662900326162344e-06,0.0008578916313126683
24,3,0,3.021239535883069e-05,0.00707607576623559
25,3,1,0.00012303305265959352,0.028815696015954018
26,3,2,8.253494888776913e-05,0.019330594688653946
27,3,3,0.00021351187024265528,0.05000683292746544
28,3,4,0.0002095730451401323,0.049084316939115524
29,3,5,7.840762555133551e-05,0.01836393028497696
30,3,6,9.117992885876447e-05,0.021355343982577324
31,3,7,7.034452210064046e-06,0.0016475461889058352
32,4,0,1.0104158718604594e-05,0.002366505330428481
33,4,1,0.0001502902596257627,0.03519963473081589
34,4,2,5.737263199989684e-05,0.0134373027831316
35,4,3,0.0001457270554965362,0.03413088247179985
36,4,4,0.000145524216350168,0.034083373844623566
37,4,5,7.134712359402329e-05,0.01671028323471546
38,4,6,0.00015392250497825444,0.03605034574866295
39,4,7,2.4596965886303224e-06,0.0005760880303569138
40,5,0,0.0,0.0
41,5,1,0.00015377246018033475,0.03601520508527756
42,5,2,6.262312672333792e-05,0.014667026698589325
43,5,3,0.0001237218821188435,0.028977029025554657
44,5,4,0.00013999704970046878,0.032788850367069244
45,5,5,7.356675632763654e-05,0.017230145633220673
46,5,6,0.00015143901691772044,0.0354686863720417
47,5,7,0.0,0.0
48,6,0,0.0,0.0
49,6,1,4.517515844781883e-05,0.010580520145595074
50,6,2,9.315098577644676e-05,0.021816987544298172
51,6,3,9.32651455514133e-05,0.021843723952770233
52,6,4,8.677215373609215e-05,0.020322995260357857
53,6,5,0.00011595393880270422,0.02715769037604332
54,6,6,1.9644441636046395e-05,0.004600944928824902
55,6,7,0.0,0.0
56,7,0,0.0,0.0
57,7,1,1.0206691491987385e-08,2.3905195121187717e-06
58,7,2,6.612151082663331e-06,0.0015486386837437749
59,7,3,6.45963882561773e-05,0.01512918621301651
60,7,4,3.889628351316787e-05,0.009109938517212868
61,7,5,7.4210956881870516e-06,0.0017381024081259966
62,7,6,1.287542232830674e-07,3.0155657441355288e-05
63,7,7,0.0,0.0
